{"cameraMode":{"drawMode":0,"name":"Shaded","section":"Shading Mode"},"sceneLighting":true,"audioPlay":false,"sceneViewState":{"m_AlwaysRefresh":false,"showFog":true,"showSkybox":true,"showFlares":true,"showImageEffects":true,"showParticleSystems":true,"showVisualEffectGraphs":true,"m_FxEnabled":true},"in2DMode":false,"pivot":{"x":0.6604047417640686,"y":0.06996507197618485,"z":0.4001985788345337},"rotation":{"x":0.19175879657268525,"y":0.27779361605644228,"z":-0.05667775869369507,"w":0.9396405220031738},"size":9.078102111816407,"orthographic":false}