{"cameraMode":{"drawMode":0,"name":"Shaded","section":"Shading Mode"},"sceneLighting":true,"audioPlay":false,"sceneViewState":{"m_AlwaysRefresh":false,"showFog":true,"showSkybox":true,"showFlares":true,"showImageEffects":true,"showParticleSystems":true,"showVisualEffectGraphs":true,"m_FxEnabled":true},"in2DMode":false,"pivot":{"x":926.47607421875,"y":674.1521606445313,"z":-1345.1868896484375},"rotation":{"x":0.015310751274228096,"y":0.00932993646711111,"z":0.0000628280031378381,"w":0.9998877048492432},"size":8.692259788513184,"orthographic":false}